<?xml version="1.0" encoding="UTF-8"?>
<!DOCTYPE mapper PUBLIC "-//mybatis.org//DTD Mapper 3.0//EN" "http://mybatis.org/dtd/mybatis-3-mapper.dtd">

<!-- memberDAO.java의 interface의 네임이 필요 -->
<mapper namespace="kr.or.ddit.member.dao.MemberDAO">
   
   <select id="selectMemberList" resultType="MemberVO">
   SELECT MEM_ID, MEM_NAME, MEM_ADD1, MEM_HP, MEM_MAIL, MEM_MILEAGE                 
      FROM MEMBER                                  
   </select>
   
   <select id="selectMember" parameterType="String" resultType="MemberVO">
   SELECT  
             MEM_ID,     MEM_PASS,   MEM_NAME,                      
             MEM_REGNO1, MEM_REGNO2,                                
             TO_CHAR(MEM_BIR, 'YYYY-MM-DD') MEM_BIR,                
             MEM_ZIP,    MEM_ADD1,   MEM_ADD2,                      
             MEM_HOMETEL,    MEM_COMTEL, MEM_HP,                    
             MEM_MAIL,   MEM_JOB,    MEM_LIKE,                      
             MEM_MEMORIAL,                                          
             TO_CHAR(MEM_MEMORIALDAY, 'YYYY-MM-DD') MEM_MEMORIALDAY,
             MEM_MILEAGE,                                           
             MEM_DELETE                                             
      FROM    MEMBER                                             
      WHERE MEM_ID = #{memId}            
   </select>
   
   <insert id="insertMember" parameterType="MemberVO">
    INSERT INTO MEMBER(
         MEM_ID
         ,MEM_PASS
         ,MEM_NAME
         ,MEM_REGNO1
         ,MEM_REGNO2
         ,MEM_BIR
         ,MEM_ZIP
         ,MEM_ADD1
         ,MEM_ADD2
         ,MEM_HOMETEL
         ,MEM_COMTEL
         ,MEM_HP
         ,MEM_MAIL
         ,MEM_JOB
         ,MEM_LIKE
         ,MEM_MEMORIAL
         ,MEM_MEMORIALDAY
         ,MEM_MILEAGE
         ,MEM_DELETE
      ) VALUES (
       #{memId,jdbcType=VARCHAR}
      , #{memPass,jdbcType=VARCHAR}
      , #{memName,jdbcType=VARCHAR}
      , #{memRegno1,jdbcType=CHAR}
      , #{memRegno2,jdbcType=CHAR}
      , TO_DATE(#{memBir,jdbcType=DATE}, 'YYYY-MM-DD')
      , #{memZip,jdbcType=CHAR}
      , #{memAdd1,jdbcType=VARCHAR}
      , #{memAdd2,jdbcType=VARCHAR}
      , #{memHometel,jdbcType=VARCHAR}
      , #{memComtel,jdbcType=VARCHAR}
      , #{memHp,jdbcType=VARCHAR}
      , #{memMail,jdbcType=VARCHAR}
      , #{memJob,jdbcType=VARCHAR}
      , #{memLike,jdbcType=VARCHAR}
      , #{memMemorial,jdbcType=VARCHAR}
      , TO_DATE(#{memMemorialday,jdbcType=DATE} , 'YYYY-MM-DD')
      , #{memMileage,jdbcType=NUMERIC}
      , #{memDelete,jdbcType=VARCHAR}
      )
   </insert>
   
   <update id="updateMember" parameterType="MemberVO" >
	update member
	set 
		MEM_REGNO1=#{memRegno1,jdbcType=CHAR},
		MEM_REGNO2=#{memRegno2,jdbcType=CHAR},
		MEM_ZIP=#{memZip,jdbcType=CHAR},
		MEM_ADD1=#{memAdd1,jdbcType=VARCHAR},
		MEM_ADD2=#{memAdd2,jdbcType=VARCHAR},
		MEM_HOMETEL=#{memHometel,jdbcType=VARCHAR},
		MEM_COMTEL=#{memComtel,jdbcType=VARCHAR},
		MEM_HP=#{memHp,jdbcType=VARCHAR},
		MEM_MAIL=#{memMail,jdbcType=VARCHAR},
		MEM_JOB=#{memJob,jdbcType=VARCHAR},
		MEM_LIKE=#{memLike,jdbcType=VARCHAR},
		MEM_MEMORIAL=to_date(#{memMemorial,jdbcType=DATE},'YYYY-MM-DD')
	where 
		MEM_ID=#{memId}
   </update>
   
   <delete id="deleteMember" parameterType="String">
      UPDATE MEMBER
      SET
      	MEM_DELETE = '1'
      WHERE MEM_ID = #{memId}
   </delete>
   
</mapper>
