<?xml version="1.0" encoding="UTF-8"?>
<!DOCTYPE mapper PUBLIC "-//mybatis.org//DTD Mapper 3.0//EN" "http://mybatis.org/dtd/mybatis-3-mapper.dtd">
<mapper namespace="kr.or.ddit.memo.dao.MemoDao">
	<select id="selectMemoList" resultType="MemoVO">
		SELECT  code, writer, content, DATE2
		FROM   tbl_memo
	</select>
	<insert id="insertMemo" parameterType="MemoVO">
		insert into tbl_memo 
		(code, writer, content)
		values 
		(MEMO_SEQ.NEXTVAL, #{writer}, #{content})
	</insert>
	<update id="updateMemo" parameterType="MemoVO">
		update tbl_memo
		set
		writer 		= #{writer},
		content 	= #{content}
		where code 	= #{code}
	</update>
	<delete id="deleteMemo" parameterType="int">
		delete from tbl_memo
		where code 	= #{code}
	</delete>
</mapper>