<?xml version="1.0" encoding="UTF-8"?>
<beans xmlns="http://www.springframework.org/schema/beans"
	xmlns:xsi="http://www.w3.org/2001/XMLSchema-instance"
	xmlns:aop="http://www.springframework.org/schema/aop"
	xmlns:tx="http://www.springframework.org/schema/tx"
	xsi:schemaLocation="http://www.springframework.org/schema/beans http://www.springframework.org/schema/beans/spring-beans.xsd
		http://www.springframework.org/schema/aop http://www.springframework.org/schema/aop/spring-aop-4.3.xsd
		http://www.springframework.org/schema/tx http://www.springframework.org/schema/tx/spring-tx-4.3.xsd">

	<aop:aspectj-autoproxy />
	
<!-- 	<tx:annotation-driven /> -->
	<tx:advice id="txAdvice" >
		<tx:attributes>
			<tx:method name="retrieve*" read-only="true"/>
			<tx:method name="create*" propagation="REQUIRED" /> <!-- 반드시 트렌젝션을 해야한다. -->
			<tx:method name="modify*" propagation="REQUIRED" /> <!-- 반드시 트렌젝션을 해야한다. -->
			<tx:method name="remove*" propagation="REQUIRED" /> <!-- 반드시 트렌젝션을 해야한다. -->
		</tx:attributes>
	</tx:advice>
	
	<aop:config>
		<aop:pointcut expression="execution(* kr.or.ddit..service.*.*(..))" id="pointcut"/>
		<aop:advisor advice-ref="txAdvice" pointcut-ref="pointcut"/>
	</aop:config>
</beans>
