<?xml version="1.0" encoding="UTF-8"?>
<b:beans 
   xmlns="http://www.springframework.org/schema/security"
   xmlns:xsi="http://www.w3.org/2001/XMLSchema-instance"
   xmlns:b="http://www.springframework.org/schema/beans"
   xmlns:c="http://www.springframework.org/schema/c"
   xmlns:p="http://www.springframework.org/schema/p"
   xsi:schemaLocation="http://www.springframework.org/schema/security http://www.springframework.org/schema/security/spring-security-4.2.xsd
      http://www.springframework.org/schema/beans http://www.springframework.org/schema/beans/spring-beans.xsd">

<!--     = PasswordEncoderFactories.createDelegatingPasswordEncoder(); -->

   <b:bean id="passwordEncoder" class="org.springframework.security.crypto.factory.PasswordEncoderFactories" 
      factory-method="createDelegatingPasswordEncoder"
   />
   
   <!--          <user-service> -->
   <!--             <user name="a001" authorities="ROLE_USER" password="java"/> -->
   <!--             <user name="b001" authorities="ROLE_ADMIN" password="java"/> -->
   <!--          </user-service> -->
   
   <authentication-manager>
      <authentication-provider user-service-ref="memberDAO">
         <password-encoder ref="passwordEncoder"></password-encoder>
      </authentication-provider>
   </authentication-manager>
   
   <http auto-config="true">
   	  <form-login 
   	  	login-page="/login/loginForm"
   	  	login-processing-url="/login/loginProcess.do"
   	  	username-parameter="memId"
   	  	password-parameter="memPass"
   	  />
   	  <logout logout-url="/login/logout" logout-success-url="/" invalidate-session="true"/>
      <intercept-url pattern="/board/boardList.do" access="permitAll" />
      <intercept-url pattern="/board/boardView.do" access="permitAll" />
      <intercept-url pattern="/board/**" access="isAuthenticated()"/>
      <intercept-url pattern="/mypage" access="isAuthenticated()"/>
      
      <csrf disabled="false"/>
   </http>
</b:beans>