<?xml version="1.0" encoding="UTF-8"?>
<!DOCTYPE mapper PUBLIC "-//mybatis.org//DTD Mapper 3.0//EN" "http://mybatis.org/dtd/mybatis-3-mapper.dtd">
<mapper namespace="kr.or.ddit.board.dao.AttatchDAO">
	<insert id="insertAttatches" parameterType="BoardVO">
   
       <!-- INSERT ALL보다 먼저 실행되어야함  -->
       <!-- 결과 값의 형태 : int -->
       <!--  초기값 keyProperty : attach테이블에 현재 두개의 파일이 들어가있다고 가정한다면 startAttNo에 3부터 세팅됨  -->
      <selectKey order="BEFORE" resultType="int" keyProperty="startAttNo">
         SELECT NVL(MAX(ATT_NO),0)+1
         FROM ATTATCH
      </selectKey>
      INSERT ALL
      
      <foreach collection="attatchList" item="attatch" index="idx">
         INTO ATTATCH(
         ATT_NO
         , BO_NO
         , ATT_FILENAME
         , ATT_SAVENAME
         , ATT_MIME
         , ATT_FILESIZE
         , ATT_FANCYSIZE
         , ATT_DOWNLOAD
      )VALUES(
          #{startAttNo}+#{idx}
         , #{boNo,jdbcType=NUMERIC}
         , #{attatch.attFilename,jdbcType=VARCHAR}
         , #{attatch.attSavename,jdbcType=VARCHAR}
         , #{attatch.attMime,jdbcType=VARCHAR}
         , #{attatch.attFilesize,jdbcType=NUMERIC}
         , #{attatch.attFancysize,jdbcType=VARCHAR}
         , 0
      )
      </foreach>
      
      SELECT * FROM DUAL
   </insert>
   
   
   <delete id="deleteAttatchs" parameterType="BoardVO">
   		DELETE FROM ATTATCH
   		WHERE ATT_NO IN 
   		<foreach collection="delAttNos" item="attNo" open="(" close=")" separator=",">
   			#{attNo}
   		</foreach>
   </delete>
</mapper>