<?xml version="1.0" encoding="UTF-8"?>
<!DOCTYPE mapper PUBLIC "-//mybatis.org//DTD Mapper 3.0//EN" "http://mybatis.org/dtd/mybatis-3-mapper.dtd">
<mapper namespace="kr.or.ddit.memo.dao.MemoDAO">
	<select id="selectMemoList" resultType="MemoVO">
		SELECT  code, writer, content, "DATE"
		FROM   tbl_memo
	</select>
	
	<insert id="insertMemo" parameterType="MemoVO">
		 INSERT INTO tbl_memo (         
		 	 code,    writer,    content
		 )VALUES( MEMO_SEQ.NEXTVAL , #{writer} , #{content})
	</insert>
	
	<update id="updateMemo" parameterType="MemoVO">
		UPDATE tbl_memo
		SET            
		WRITER = #{writer},    
		CONTENT = #{content}    
		WHERE CODE = #{code} 
	</update>
	
	<delete id="deleteMemo" parameterType="int">
		DELETE FROM tbl_memo
		WHERE CODE = #{code}
	</delete>
	
</mapper>