<?xml version="1.0" encoding="UTF-8"?>
<!DOCTYPE tiles-definitions PUBLIC "-//Apache Software Foundation//DTD Tiles Configuration 3.0//EN" "http://tiles.apache.org/dtds/tiles-config_3_0.dtd" >
<tiles-definitions>
   <definition name="parent"  template="/WEB-INF/jsp/template.jsp">
      <put-attribute name="preScript" value="/includee/preScript.jsp" />
      <put-attribute name="headerMenu" value="/includee/headerMenu.jsp" />
      <put-attribute name="leftMenu" value="/includee/leftMenu.jsp" />
      <put-attribute name="footer" value="/includee/footer.jsp" />
      <put-attribute name="postScript" value="/includee/postScript.jsp" />
   </definition>
   <definition name="board/*" extends="parent"  preparer="boardViewPreparer">
      <put-attribute name="content" value="/WEB-INF/jsp/board/{1}.jsp" />
   </definition>
   <definition name="prod/*" extends="parent" >
      <put-attribute name="content" value="/WEB-INF/jsp/prod/{1}.jsp" />
   </definition>
   <definition name="member/*" extends="parent" >
      <put-attribute name="content" value="/WEB-INF/jsp/member/{1}.jsp" />
   </definition>
   <definition name="index" extends="parent" >
      <put-attribute name="content" value="/WEB-INF/jsp/index.jsp" />
   </definition>
   <definition name="login/*" extends="parent" >
      <put-attribute name="content" value="/WEB-INF/jsp/login/{1}.jsp" />
   </definition>
</tiles-definitions>